{
  "submission_info": {
    "creation_date": "2025-10-03 17:41:44",
    "total_predictions": 43,
    "patient_id_source": "hospital_center_id column",
    "test_data_file": "c:\\Users\\nikhi\\Desktop\\IEEE_EMBS_BHI_25_CSOSEN\\Track1_Data\\processed\\test_corrected_features.xlsx"
  },
  "models": {
    "12W": {
      "target_column": "bdi_ii_after_intervention_12w",
      "training_mae": 0.011471789902685613,
      "training_r2": 0.999995711826721,
      "training_samples": 167,
      "prediction_min": -0.48179586444319966,
      "prediction_max": 13.467086792980659,
      "prediction_mean": 5.414648586826255,
      "prediction_std": 3.770539864673042
    },
    "24W": {
      "target_column": "bdi_ii_follow_up_24w",
      "training_mae": 0.0004259325292415961,
      "training_r2": 0.9999999940467615,
      "training_samples": 167,
      "prediction_min": -0.2608007699297712,
      "prediction_max": 1.5093303895381123,
      "prediction_mean": 0.4417607503988399,
      "prediction_std": 0.4813052548975423
    }
  },
  "files_created": {
    "individual_submissions": [
      "submission_catboost_12w_R2_1p000_20251003_174144.csv",
      "submission_catboost_24w_R2_1p000_20251003_174144.csv"
    ],
    "combined_submission": "submission_combined_12w_24w_20251003_174144.csv"
  }
}