{
  "arima": {
    "cv_scores": {
      "test_mae": [
        7.020221348368818,
        5.390892581462931,
        4.711978529444309
      ],
      "test_rmse": [
        8.049496379433496,
        6.774847445331338,
        5.344219150364998
      ],
      "test_r2": [
        -0.498780450365812,
        -0.010708635837048508,
        -0.1163155754255516
      ]
    },
    "mean_scores": {
      "test_mae": 5.707697486425353,
      "test_rmse": 6.722854325043277,
      "test_r2": -0.20860155387613735
    },
    "std_scores": {
      "test_mae": 0.9685970055137575,
      "test_rmse": 1.105036555940451,
      "test_r2": 0.20966807164068707
    }
  },
  "arima_211": {
    "cv_scores": {
      "test_mae": [
        6.943515098058917,
        5.236782690476494,
        4.747522242943329
      ],
      "test_rmse": [
        7.964850180178898,
        6.716505384988658,
        5.36328984762373
      ],
      "test_r2": [
        -0.4674246936663595,
        0.006623983467686889,
        -0.12429687268781553
      ]
    },
    "mean_scores": {
      "test_mae": 5.64260667715958,
      "test_rmse": 6.681548470930429,
      "test_r2": -0.1950325276288294
    },
    "std_scores": {
      "test_mae": 0.9413168032266267,
      "test_rmse": 1.0623701584543541,
      "test_r2": 0.19988861353778256
    }
  },
  "arima_121": {
    "cv_scores": {
      "test_mae": [
        7.414466829137206,
        11.123704604287717,
        8.478321803269424
      ],
      "test_rmse": [
        8.563372497802222,
        11.968991243850352,
        9.381944594652776
      ],
      "test_r2": [
        -0.69625160844906,
        -2.1545835507297917,
        -2.4403624125270404
      ]
    },
    "mean_scores": {
      "test_mae": 9.005497745564782,
      "test_rmse": 9.971436112101783,
      "test_r2": -1.7637325239019639
    },
    "std_scores": {
      "test_mae": 1.5594971569391904,
      "test_rmse": 1.4514785445002532,
      "test_r2": 0.7637861908957945
    }
  },
  "exponential_smoothing": {
    "cv_scores": {
      "test_mae": [
        6.393006531015329,
        6.5282636595806025,
        4.701593037153382
      ],
      "test_rmse": [
        7.323157408215045,
        7.515701704585576,
        5.335744232036829
      ],
      "test_r2": [
        -0.24050163019122794,
        -0.24384425739204563,
        -0.1127778530233845
      ]
    },
    "mean_scores": {
      "test_mae": 5.874287742583104,
      "test_rmse": 6.724867781612484,
      "test_r2": -0.19904124686888602
    },
    "std_scores": {
      "test_mae": 0.8310568680157049,
      "test_rmse": 0.9853989051835655,
      "test_r2": 0.061012693364900145
    }
  },
  "moving_average": {
    "cv_scores": {
      "test_mae": [
        7.902439024390244,
        5.682926829268293,
        5.54471544715447
      ],
      "test_rmse": [
        9.1010586358227,
        6.930354269307088,
        6.261682847823009
      ],
      "test_r2": [
        -0.9159511228533685,
        -0.0576398531676372,
        -0.5325004133597879
      ]
    },
    "mean_scores": {
      "test_mae": 6.376693766937669,
      "test_rmse": 7.431031917650931,
      "test_r2": -0.5020304631269312
    },
    "std_scores": {
      "test_mae": 1.0803393107463108,
      "test_rmse": 1.2120292342549768,
      "test_r2": 0.35106587446211823
    }
  },
  "lstm_simple": {
    "cv_scores": {
      "test_mae": [
        5.871639416434548,
        4.851949100141172,
        5.7590215471055775
      ],
      "test_rmse": [
        7.178012290780204,
        6.168409166719437,
        8.142124673663623
      ],
      "test_r2": [
        -0.05417442321777344,
        0.00609433650970459,
        0.05381155014038086
      ]
    },
    "mean_scores": {
      "test_mae": 5.494203354560433,
      "test_rmse": 7.162848710387755,
      "test_r2": 0.0019104878107706706
    },
    "std_scores": {
      "test_mae": 0.45646364704671316,
      "test_rmse": 0.8058373186591802,
      "test_r2": 0.04418424344325083
    }
  },
  "lstm_bidirectional": {
    "cv_scores": {
      "test_mae": [
        5.21707030209628,
        4.233619981341892,
        4.963374738340025
      ],
      "test_rmse": [
        6.476328219486732,
        5.5644477467280495,
        7.129869194817559
      ],
      "test_r2": [
        0.14185279607772827,
        0.19119668006896973,
        0.27445346117019653
      ]
    },
    "mean_scores": {
      "test_mae": 4.804688340592732,
      "test_rmse": 6.390215053677447,
      "test_r2": 0.2025009791056315
    },
    "std_scores": {
      "test_mae": 0.4168770106162296,
      "test_rmse": 0.6419749141147376,
      "test_r2": 0.054720955634162294
    }
  },
  "lstm_stacked": {
    "cv_scores": {
      "test_mae": [
        5.295635275407271,
        3.8963688214619956,
        4.737277543103254
      ],
      "test_rmse": [
        6.81987843921262,
        5.263260268539798,
        7.090726402398676
      ],
      "test_r2": [
        0.0483936071395874,
        0.2763834595680237,
        0.282397985458374
      ]
    },
    "mean_scores": {
      "test_mae": 4.6430938799908406,
      "test_rmse": 6.391288370050365,
      "test_r2": 0.20239168405532837
    },
    "std_scores": {
      "test_mae": 0.5751171324649735,
      "test_rmse": 0.8052640159759856,
      "test_r2": 0.10892076447501114
    }
  },
  "gru": {
    "cv_scores": {
      "test_mae": [
        5.5229283853010696,
        4.418306165271336,
        5.073146458025332
      ],
      "test_rmse": [
        6.83487433026877,
        5.696351635369954,
        7.393857926725769
      ],
      "test_r2": [
        0.0442042350769043,
        0.1523972749710083,
        0.21973103284835815
      ]
    },
    "mean_scores": {
      "test_mae": 5.004793669532579,
      "test_rmse": 6.641694630788163,
      "test_r2": 0.13877751429875693
    },
    "std_scores": {
      "test_mae": 0.4535428241573268,
      "test_rmse": 0.7063383039859894,
      "test_r2": 0.07230277816032737
    }
  },
  "transformer": {
    "cv_scores": {
      "test_mae": [
        5.073980023644188,
        3.851294919296547,
        5.01123923725552
      ],
      "test_rmse": [
        6.302345282015156,
        5.475984115813435,
        6.588725910615169
      ],
      "test_r2": [
        0.18734091520309448,
        0.21670889854431152,
        0.3804091215133667
      ]
    },
    "mean_scores": {
      "test_mae": 4.645504726732085,
      "test_rmse": 6.122351769481253,
      "test_r2": 0.2614863117535909
    },
    "std_scores": {
      "test_mae": 0.5621749521511743,
      "test_rmse": 0.47176747372009825,
      "test_r2": 0.0849415313505016
    }
  },
  "rf_trajectory": {
    "cv_scores": {
      "test_mae": [
        5.143473421441395,
        5.103875798235961,
        5.107727576344442
      ],
      "train_mae": [
        2.3398130389366085,
        2.37505186030186,
        2.4673144641229703
      ],
      "test_rmse": [
        6.646948964592163,
        7.562548361293399,
        6.548730092485267
      ],
      "train_rmse": [
        3.324276653324082,
        3.0350113629783304,
        3.4644771344241816
      ],
      "test_r2": [
        -0.2397506636259117,
        0.25989310758532347,
        -0.016372172659604445
      ],
      "train_r2": [
        0.8187578271307299,
        0.7634136744720645,
        0.7899122631126962
      ],
      "test_mape": [
        17364928084.625675,
        6262940030.041508,
        6124147295.776433
      ],
      "train_mape": [
        2819236789.044125,
        4993895309.729992,
        5725412157.119985
      ]
    },
    "mean_scores": {
      "test_mae": 5.118358932007266,
      "train_mae": 2.3940597877871466,
      "test_rmse": 6.919409139456943,
      "train_rmse": 3.2745883835755314,
      "test_r2": 0.0012567570999357791,
      "train_r2": 0.7906945882384969,
      "test_mape": 9917338470.147871,
      "train_mape": 4512848085.298034
    },
    "std_scores": {
      "test_mae": 0.017828109514695566,
      "train_mae": 0.053759522174233014,