{
  "mlp_small": {
    "cv_scores": {
      "test_mae": [
        4.783259051943307,
        6.1625601793462,
        4.772120293095023
      ],
      "train_mae": [
        3.9966527391397957,
        4.692348886104776,
        4.982581639658848
      ],
      "test_rmse": [
        6.166234833656251,
        8.548642209260436,
        5.980806106289976
      ],
      "train_rmse": [
        5.651710023631881,
        6.1651556195958275,
        6.587585291649339
      ],
      "test_r2": [
        -0.06691490288675239,
        0.05430215305017616,
        0.15226906859031408
      ],
      "train_r2": [
        0.4761286073472335,
        0.02375890973206818,
        0.2404125047396195
      ],
      "test_mape": [
        12893862495.692839,
        9065641167.461391,
        8606165405.280226
      ],
      "train_mape": [
        4693997362.50745,
        9269334823.830173,
        12408410552.49877
      ]
    },
    "mean_scores": {
      "test_mae": 5.239313174794844,
      "train_mae": 4.557194421634473,
      "test_rmse": 6.898561049735554,
      "train_rmse": 6.134816978292349,
      "test_r2": 0.04655210625124595,
      "train_r2": 0.24676667393964039,
      "test_mape": 10188556356.14482,
      "train_mape": 8790580912.945465
    },
    "std_scores": {
      "test_mae": 0.6528500550391644,
      "train_mae": 0.4136939256417863,
      "test_rmse": 1.1692367390730876,
      "train_rmse": 0.38267127249445937,
      "test_r2": 0.08964913369038237,
      "train_r2": 0.1847338038544036,
      "test_mape": 1922115236.8359098,
      "train_mape": 3167538128.8805943
    },
    "models": [
      "MLPRegressor(alpha=0.1, early_stopping=True, hidden_layer_sizes=(128, 64),\n             learning_rate='adaptive', learning_rate_init=0.01, max_iter=500,\n             random_state=42, validation_fraction=0.2)",
      "MLPRegressor(alpha=0.1, early_stopping=True, hidden_layer_sizes=(128, 64),\n             learning_rate='adaptive', learning_rate_init=0.01, max_iter=500,\n             random_state=42, validation_fraction=0.2)",
      "MLPRegressor(alpha=0.1, early_stopping=True, hidden_layer_sizes=(128, 64),\n             learning_rate='adaptive', learning_rate_init=0.01, max_iter=500,\n             random_state=42, validation_fraction=0.2)"
    ]
  },
  "mlp_medium": {
    "cv_scores": {
      "test_mae": [
        4.799212940138333,
        5.38815487181565,
        4.6875655501495705
      ],
      "train_mae": [
        4.442712142885034,
        4.255437777764637,
        4.570691172076969
      ],
      "test_rmse": [
        6.096124388069175,
        7.551783397413232,
        5.9676489239572605
      ],
      "train_rmse": [
        5.839520898317461,
        5.453116265193938,
        5.9557718002028075
      ],
      "test_r2": [
        -0.04279106381433162,
        0.26199862892093995,
        0.15599481447183483
      ],
      "train_r2": [
        0.440732766917324,
        0.23623718358204304,
        0.37912896106147786
      ],
      "test_mape": [
        14365292256.708483,
        8602687342.638222,
        6326410887.532277
      ],
      "train_mape": [
        6625989785.639407,
        9674678162.810007,
        9401170525.574364
      ]
    },
    "mean_scores": {
      "test_mae": 4.958311120701185,
      "train_mae": 4.42294703090888,
      "test_rmse": 6.538518903146556,
      "train_rmse": 5.749469654571402,
      "test_r2": 0.12506745985948106,
      "train_r2": 0.35203297052028165,
      "test_mape": 9764796828.95966,
      "train_mape": 8567279491.341259
    },
    "std_scores": {
      "test_mae": 0.30734402299046104,
      "train_mae": 0.12945828258537964,
      "test_rmse": 0.7184034092930516,
      "train_rmse": 0.2148605231212753,
      "test_r2": 0.12633702320091822,
      "train_r2": 0.08565533814252581,
      "test_mape": 3383171811.635819,
      "train_mape": 1377232950.0377543
    },
    "models": [
      "MLPRegressor(alpha=0.1, early_stopping=True, hidden_layer_sizes=(64, 32, 16),\n             learning_rate='adaptive', max_iter=500, random_state=42,\n             validation_fraction=0.2)",
      "MLPRegressor(alpha=0.1, early_stopping=True, hidden_layer_sizes=(64, 32, 16),\n             learning_rate='adaptive', max_iter=500, random_state=42,\n             validation_fraction=0.2)",
      "MLPRegressor(alpha=0.1, early_stopping=True, hidden_layer_sizes=(64, 32, 16),\n             learning_rate='adaptive', max_iter=500, random_state=42,\n             validation_fraction=0.2)"
    ]
  },
  "mlp_large": {
    "cv_scores": {
      "test_mae": [
        5.509669321225375,
        6.371324011261109,
        4.0052330959257
      ],
      "train_mae": [
        5.700181579436608,
        4.931621679355102,
        4.464536538098258
      ],
      "test_rmse": [
        6.775591147986575,
        8.74454139656655,
        6.005729955954571
      ],
      "train_rmse": [
        6.87367222745056,
        6.246404365474293,
        6.225986692625692
      ],
      "test_r2": [
        -0.28820222466945045,
        0.010462641601204914,
        0.14518883798851
      ],
      "train_r2": [
        0.22510549911889055,
        -0.002141821964065427,
        0.32151276656797734
      ],
      "test_mape": [
        19579730881.62903,
        11165434179.419119,
        3470986070.101054
      ],
      "train_mape": [
        11939984135.562586,
        11654560175.047798,
        6291020654.143303
      ]
    },
    "mean_scores": {
      "test_mae": 5.295408809470728,
      "train_mae": 5.032113265629989,
      "test_rmse": 7.175287500169232,
      "train_rmse": 6.448687761850182,
      "test_r2": -0.044183581693245176,
      "train_r2": 0.18149214790760082,
      "test_mape": 11405383710.383068,
      "train_mape": 9961854988.251228
    },
    "std_scores": {
      "test_mae": 0.977761808104343,
      "train_mae": 0.5094301301323831,
      "test_rmse": 1.1532822456704048,
      "train_rmse": 0.30062497938169574,
      "test_r2": 0.1811014643566956,
      "train_r2": 0.13568263576540407,
      "test_mape": 6578555904.542664,
      "train_mape": 2598286004.3572536
    },
    "models": [
      "MLPRegressor(alpha=0.001, early_stopping=True,\n             hidden_layer_sizes=(128, 64, 32, 16), learning_rate='adaptive',\n             learning_rate_init=0.01, max_iter=500, random_state=42,\n             validation_fraction=0.2)",
      "MLPRegressor(alpha=0.001, early_stopping=True,\n             hidden_layer_sizes=(128, 64, 32, 16), learning_rate='adaptive',\n             learning_rate_init=0.01, max_iter=500, random_state=42,\n             validation_fraction=0.2)",
      "MLPRegressor(alpha=0.001, early_stopping=True,\n             hidden_layer_sizes=(128, 64, 32, 16), learning_rate='adaptive',\n             learning_rate_init=0.01, max_iter=500, random_state=42,\n             validation_fraction=0.2)"
    ]
  },
  "tf_mlp_simple": {
    "cv_scores": {
      "test_mae": [
        5.227388107350895,
        6.073546803423336,
        4.033350391279567
      ],
      "train_mae": [
        5.3732020081700504,
        4.616775184064298,
        4.374329904959138
      ],
      "test_rmse": [
        6.652589469883659,
        8.738522431311745,
        5.7935267926614875
      ],
      "train_rmse": [
        7.944985624887068,
        6.402873560651494,
        5.808009373096333
      ],
      "test_r2": [
        -0.24185562133789062,
        0.011824309825897217,
        0.20452839136123657
      ],
      "train_r2": [
        -0.03526437282562256,
        -0.05297708511352539,
        0.4095544219017029
      ],
      "test_mape": [
        8372268434.123586,
        5910321749.927073,
        3909069307.001225
      ],
      "train_mape": [
        5224845300.688319,
        6318561591.253248,
        7769130627.14484
      ]
    },
    "mean_scores": {
      "test_mae": 5.111428434017933,
      "train_mae": 4.788102365731162,
      "test_rmse": 7.061546231285631,
      "train_rmse": 6.718622852878298,