{
  "arima": {
    "cv_scores": {
      "test_mae": [
        7.020221348368818,
        5.390892581462931,
        4.711978529444309
      ],
      "test_rmse": [
        8.049496379433496,
        6.774847445331338,
        5.344219150364998
      ],
      "test_r2": [
        -0.498780450365812,
        -0.010708635837048508,
        -0.1163155754255516
      ]
    },
    "mean_scores": {
      "test_mae": 5.707697486425353,
      "test_rmse": 6.722854325043277,
      "test_r2": -0.20860155387613735
    },
    "std_scores": {
      "test_mae": 0.9685970055137575,
      "test_rmse": 1.105036555940451,
      "test_r2": 0.20966807164068707
    }
  },
  "arima_211": {
    "cv_scores": {
      "test_mae": [
        6.943515098058917,
        5.236782690476494,
        4.747522242943329
      ],
      "test_rmse": [
        7.964850180178898,
        6.716505384988658,
        5.36328984762373
      ],
      "test_r2": [
        -0.4674246936663595,
        0.006623983467686889,
        -0.12429687268781553
      ]
    },
    "mean_scores": {
      "test_mae": 5.64260667715958,
      "test_rmse": 6.681548470930429,
      "test_r2": -0.1950325276288294
    },
    "std_scores": {
      "test_mae": 0.9413168032266267,
      "test_rmse": 1.0623701584543541,
      "test_r2": 0.19988861353778256
    }
  },
  "arima_121": {
    "cv_scores": {
      "test_mae": [
        7.414466829137206,
        11.123704604287717,
        8.478321803269424
      ],
      "test_rmse": [
        8.563372497802222,
        11.968991243850352,
        9.381944594652776
      ],
      "test_r2": [
        -0.69625160844906,
        -2.1545835507297917,
        -2.4403624125270404
      ]
    },
    "mean_scores": {
      "test_mae": 9.005497745564782,
      "test_rmse": 9.971436112101783,
      "test_r2": -1.7637325239019639
    },
    "std_scores": {
      "test_mae": 1.5594971569391904,
      "test_rmse": 1.4514785445002532,
      "test_r2": 0.7637861908957945
    }
  },
  "exponential_smoothing": {
    "cv_scores": {
      "test_mae": [
        6.393006531015329,
        6.5282636595806025,
        4.701593037153382
      ],
      "test_rmse": [
        7.323157408215045,
        7.515701704585576,
        5.335744232036829
      ],
      "test_r2": [
        -0.24050163019122794,
        -0.24384425739204563,
        -0.1127778530233845
      ]
    },
    "mean_scores": {
      "test_mae": 5.874287742583104,
      "test_rmse": 6.724867781612484,
      "test_r2": -0.19904124686888602
    },
    "std_scores": {
      "test_mae": 0.8310568680157049,
      "test_rmse": 0.9853989051835655,
      "test_r2": 0.061012693364900145
    }
  },
  "moving_average": {
    "cv_scores": {
      "test_mae": [
        7.902439024390244,
        5.682926829268293,
        5.54471544715447
      ],
      "test_rmse": [
        9.1010586358227,
        6.930354269307088,
        6.261682847823009
      ],
      "test_r2": [
        -0.9159511228533685,
        -0.0576398531676372,
        -0.5325004133597879
      ]
    },
    "mean_scores": {
      "test_mae": 6.376693766937669,
      "test_rmse": 7.431031917650931,
      "test_r2": -0.5020304631269312
    },
    "std_scores": {
      "test_mae": 1.0803393107463108,
      "test_rmse": 1.2120292342549768,
      "test_r2": 0.35106587446211823
    }
  },
  "lstm_simple": {
    "cv_scores": {
      "test_mae": [
        5.231534996899692,
        3.8382313979996576,
        4.6113851423616765
      ],
      "test_rmse": [
        6.8409572663173535,
        5.245961805900691,
        6.739214426098116
      ],
      "test_r2": [
        0.04250222444534302,
        0.28113216161727905,
        0.3517826199531555
      ]
    },
    "mean_scores": {
      "test_mae": 4.560383845753676,
      "test_rmse": 6.275377832772054,
      "test_r2": 0.2251390020052592
    },
    "std_scores": {
      "test_mae": 0.5699558923687105,
      "test_rmse": 0.729091177960016,
      "test_r2": 0.1323253974208279
    }
  },
  "lstm_bidirectional": {
    "cv_scores": {
      "test_mae": [
        5.547505462169648,
        4.615572096572982,
        4.149544539274992
      ],
      "test_rmse": [
        7.081364192331077,
        6.012481197079225,
        6.223818120971985
      ],
      "test_r2": [
        -0.025977730751037598,
        0.05570805072784424,
        0.4471389651298523
      ]
    },
    "mean_scores": {
      "test_mae": 4.77087403267254,
      "test_rmse": 6.4392211701274285,
      "test_r2": 0.15895642836888632
    },
    "std_scores": {
      "test_mae": 0.5811842530571079,
      "test_rmse": 0.46218796289946773,
      "test_r2": 0.20648651706498586
    }
  },
  "lstm_stacked": {
    "cv_scores": {
      "test_mae": [
        5.84603883867914,
        4.808706994409914,
        5.009902159372966
      ],
      "test_rmse": [
        7.234421112348854,
        6.420055298779164,
        6.89220498922995
      ],
      "test_r2": [
        -0.07080793380737305,
        -0.07665443420410156,
        0.3220173716545105
      ]
    },
    "mean_scores": {
      "test_mae": 5.221549330820674,
      "test_rmse": 6.848893800119323,
      "test_r2": 0.0581850012143453
    },
    "std_scores": {
      "test_mae": 0.44915493441952375,
      "test_rmse": 0.3338710468672881,
      "test_r2": 0.1865729261545016
    }
  },
  "gru": {
    "cv_scores": {
      "test_mae": [
        5.543045880035921,
        3.256963438457913,
        4.439126835929023
      ],
      "test_rmse": [
        7.077259524254073,
        4.638816238555987,
        6.533911043812507
      ],
      "test_r2": [
        -0.024788618087768555,
        0.4379005432128906,
        0.39067548513412476
      ]
    },
    "mean_scores": {
      "test_mae": 4.413045384807618,
      "test_rmse": 6.083328935540855,
      "test_r2": 0.2679291367530823
    },
    "std_scores": {
      "test_mae": 0.9334714471592102,
      "test_rmse": 1.0452334959591292,
      "test_r2": 0.20787867379305175
    }
  },
  "transformer": {
    "cv_scores": {
      "test_mae": [
        5.149103221026334,
        3.84055757522583,
        4.658729597374245
      ],
      "test_rmse": [
        6.693630499630067,
        5.380337659690106,
        6.9282018065496205
      ],
      "test_r2": [
        0.08329933881759644,
        0.2438327670097351,
        0.3149169087409973
      ]
    },
    "mean_scores": {
      "test_mae": 4.549463464542137,
      "test_rmse": 6.334056655289931,
      "test_r2": 0.21401633818944296
    },
    "std_scores": {
      "test_mae": 0.5397698538105092,
      "test_rmse": 0.6811465170007802,
      "test_r2": 0.09687944138636788
    }
  },
  "rf_trajectory": {
    "cv_scores": {
      "test_mae": [
        5.170210723852171,
        5.278686676953477,
        5.161152407144899
      ],
      "train_mae": [
        2.3058595691622013,
        2.3717119065408543,
        2.4429829445485507
      ],
      "test_rmse": [
        6.692840388313529,
        7.805073942241498,
        6.629188339399853
      ],
      "train_rmse": [
        3.327860699578156,
        3.036951155076641,
        3.447121372502882
      ],
      "test_r2": [
        -0.2569285673349173,
        0.21166254246692062,
        -0.0415000592971313
      ],
      "train_r2": [
        0.8183668064252725,
        0.76311115504841,
        0.792011915936133
      ],
      "test_mape": [
        17173960426.481422,
        5918290347.030232,
        6323979799.793961
      ],
      "train_mape": [
        2934051840.1351166,
        4993518295.251263,
        5499165688.288487
      ]
    },
    "mean_scores": {
      "test_mae": 5.203349935983516,
      "train_mae": 2.3735181400838687,
      "test_rmse": 7.042367556651627,
      "train_rmse": 3.2706444090525597,
      "test_r2": -0.028922028055042664,
      "train_r2": 0.7911632924699384,
      "test_mape": 9805410191.101871,
      "train_mape": 4475578607.891622
    },
    "std_scores": {
      "test_mae": 0.05339932384324479,
      "train_mae": 0.05599495143341263,