Phase,Models Count,Best Model,Best R²,Mean R²,Std R²,Best MAE,Mean MAE,Best RMSE,Mean RMSE
Phase3,5,Catboost,0.20014158329158058,0.1331561822294674,0.041274007402846646,4.364822729611826,4.652035237820202,6.182914102460955,6.352306995490546
Phase4,7,Mlp Large,0.16767665316977945,-0.01147827835734858,0.2074967442319766,4.622250819606182,4.904949933786654,6.563230775412083,7.218715929608068
Phase5,12,Rf Trajectory,0.1549236381137543,-0.19954772752181263,0.4646919177839473,4.798925342720142,5.393037434154397,6.6260688843598325,7.130711350351395
Phase2,10,Random Forest,0.13883186139802392,0.06638184891380901,0.0555935845541435,4.486654484826955,4.626621159894578,6.287434002847043,6.616455010763704
Phase1,9,Lasso Regression,0.09379658306741367,-1.0279613170063218,2.857678237661128,4.675825867656256,5.7851404985195165,6.532319295689118,8.549193139559527
