{
  "analysis_date": "2025-09-30T22:12:27.760379",
  "overall_improvement": {
    "12w": 3.568862275449102,
    "24w": 4.335329341317365
  },
  "response_rates": {
    "12w_response": 40.119760479041915,
    "24w_response": 43.712574850299404,
    "12w_remission": 83.8323353293413,
    "24w_remission": 85.02994011976048
  },
  "feature_temporal_patterns": {
    "stable_features": 5,
    "increasing_features": 9,
    "decreasing_features": 19
  },
  "recovery_patterns": {
    "Non-Response": 72,
    "Sustained Response": 45,
    "Late Response": 28,
    "Early Response/Late Relapse": 22
  },
  "model_performance": {
    "12w": {
      "mae": 4.181422152939965,
      "r2": 0.0996025800704956
    },
    "24w": {
      "mae": 4.340783720507341,
      "r2": -0.1005018949508667
    }
  }
}