{
  "arima": {
    "cv_scores": {
      "test_mae": [
        7.020221348368818,
        5.390892581462931,
        4.711978529444309
      ],
      "test_rmse": [
        8.049496379433496,
        6.774847445331338,
        5.344219150364998
      ],
      "test_r2": [
        -0.498780450365812,
        -0.010708635837048508,
        -0.1163155754255516
      ]
    },
    "mean_scores": {
      "test_mae": 5.707697486425353,
      "test_rmse": 6.722854325043277,
      "test_r2": -0.20860155387613735
    },
    "std_scores": {
      "test_mae": 0.9685970055137575,
      "test_rmse": 1.105036555940451,
      "test_r2": 0.20966807164068707
    }
  },
  "arima_211": {
    "cv_scores": {
      "test_mae": [
        6.943515098058917,
        5.236782690476494,
        4.747522242943329
      ],
      "test_rmse": [
        7.964850180178898,
        6.716505384988658,
        5.36328984762373
      ],
      "test_r2": [
        -0.4674246936663595,
        0.006623983467686889,
        -0.12429687268781553
      ]
    },
    "mean_scores": {
      "test_mae": 5.64260667715958,
      "test_rmse": 6.681548470930429,
      "test_r2": -0.1950325276288294
    },
    "std_scores": {
      "test_mae": 0.9413168032266267,
      "test_rmse": 1.0623701584543541,
      "test_r2": 0.19988861353778256
    }
  },
  "arima_121": {
    "cv_scores": {
      "test_mae": [
        7.414466829137206,
        11.123704604287717,
        8.478321803269424
      ],
      "test_rmse": [
        8.563372497802222,
        11.968991243850352,
        9.381944594652776
      ],
      "test_r2": [
        -0.69625160844906,
        -2.1545835507297917,
        -2.4403624125270404
      ]
    },
    "mean_scores": {
      "test_mae": 9.005497745564782,
      "test_rmse": 9.971436112101783,
      "test_r2": -1.7637325239019639
    },
    "std_scores": {
      "test_mae": 1.5594971569391904,
      "test_rmse": 1.4514785445002532,
      "test_r2": 0.7637861908957945
    }
  },
  "exponential_smoothing": {
    "cv_scores": {
      "test_mae": [
        6.393006531015329,
        6.5282636595806025,
        4.701593037153382
      ],
      "test_rmse": [
        7.323157408215045,
        7.515701704585576,
        5.335744232036829
      ],
      "test_r2": [
        -0.24050163019122794,
        -0.24384425739204563,
        -0.1127778530233845
      ]
    },
    "mean_scores": {
      "test_mae": 5.874287742583104,
      "test_rmse": 6.724867781612484,
      "test_r2": -0.19904124686888602
    },
    "std_scores": {
      "test_mae": 0.8310568680157049,
      "test_rmse": 0.9853989051835655,
      "test_r2": 0.061012693364900145
    }
  },
  "moving_average": {
    "cv_scores": {
      "test_mae": [
        7.902439024390244,
        5.682926829268293,
        5.54471544715447
      ],
      "test_rmse": [
        9.1010586358227,
        6.930354269307088,
        6.261682847823009
      ],
      "test_r2": [
        -0.9159511228533685,
        -0.0576398531676372,
        -0.5325004133597879
      ]
    },
    "mean_scores": {
      "test_mae": 6.376693766937669,
      "test_rmse": 7.431031917650931,
      "test_r2": -0.5020304631269312
    },
    "std_scores": {
      "test_mae": 1.0803393107463108,
      "test_rmse": 1.2120292342549768,
      "test_r2": 0.35106587446211823
    }
  },
  "lstm_simple": {
    "cv_scores": {
      "test_mae": [
        5.775752553072842,
        4.6669119993845625,
        5.542267446164732
      ],
      "test_rmse": [
        7.07284496049604,
        5.949153243205184,
        7.905935967157295
      ],
      "test_r2": [
        -0.023510456085205078,
        0.07549536228179932,
        0.10790985822677612
      ]
    },
    "mean_scores": {
      "test_mae": 5.328310666207379,
      "test_rmse": 6.975978056952839,
      "test_r2": 0.05329825480779012
    },
    "std_scores": {
      "test_mae": 0.47729443822670725,
      "test_rmse": 0.8017842831006757,
      "test_r2": 0.05590085532216551
    }
  },
  "lstm_bidirectional": {
    "cv_scores": {
      "test_mae": [
        5.72272138595581,
        4.356953444304289,
        5.306574062064842
      ],
      "test_rmse": [
        6.930526985490733,
        5.656847942168664,
        7.518020981345679
      ],
      "test_r2": [
        0.017264723777770996,
        0.16411256790161133,
        0.19330525398254395
      ]
    },
    "mean_scores": {
      "test_mae": 5.128749630774981,
      "test_rmse": 6.701798636335025,
      "test_r2": 0.12489418188730876
    },
    "std_scores": {
      "test_mae": 0.5715748209309843,
      "test_rmse": 0.776843512221294,
      "test_r2": 0.07703301638418654
    }
  },
  "lstm_stacked": {
    "cv_scores": {
      "test_mae": [
        5.8434429342096506,
        4.385590102937487,
        4.869877779925311
      ],
      "test_rmse": [
        7.071133130054092,
        5.6741985744295516,
        7.189739708830897
      ],
      "test_r2": [
        -0.023015260696411133,
        0.1589769721031189,
        0.2622172236442566
      ]
    },
    "mean_scores": {
      "test_mae": 5.032970272357482,
      "test_rmse": 6.645023804438179,
      "test_r2": 0.13272631168365479
    },
    "std_scores": {
      "test_mae": 0.6062359772827023,
      "test_rmse": 0.6881826795012425,
      "test_r2": 0.11791583272298035
    }
  },
  "gru": {
    "cv_scores": {
      "test_mae": [
        5.696089536493475,
        4.574919047179045,
        5.395096637584545
      ],
      "test_rmse": [
        6.950688636737405,
        5.855255485846163,
        7.833352255895911
      ],
      "test_r2": [
        0.011538684368133545,
        0.10444867610931396,
        0.1242150068283081
      ]
    },
    "mean_scores": {
      "test_mae": 5.222035073752355,
      "test_rmse": 6.87976545949316,
      "test_r2": 0.0800674557685852
    },
    "std_scores": {
      "test_mae": 0.4737921803100469,
      "test_rmse": 0.8091103265204838,
      "test_r2": 0.049124476857365
    }
  },
  "transformer": {
    "cv_scores": {
      "test_mae": [
        5.0822547305714,
        3.7586241474858038,
        4.746903587270666
      ],
      "test_rmse": [
        6.414197925690181,
        5.529948765194824,
        6.587570359679794
      ],
      "test_r2": [
        0.15823912620544434,
        0.20119452476501465,
        0.380626380443573
      ]
    },
    "mean_scores": {
      "test_mae": 4.5292608217759565,
      "test_rmse": 6.177239016854934,
      "test_r2": 0.24668667713801065
    },
    "std_scores": {
      "test_mae": 0.5618574909168206,
      "test_rmse": 0.46314360813720695,
      "test_r2": 0.09631951916248832
    }
  },
  "rf_trajectory": {
    "cv_scores": {
      "test_mae": [
        5.143473421441395,
        5.103875798235961,
        5.107727576344442
      ],
      "train_mae": [
        2.3398130389366085,
        2.37505186030186,
        2.46731446412297
      ],
      "test_rmse": [
        6.646948964592163,
        7.562548361293399,
        6.548730092485267
      ],
      "train_rmse": [
        3.3242766533240826,
        3.03501136297833,
        3.4644771344241816
      ],
      "test_r2": [
        -0.2397506636259117,
        0.25989310758532347,
        -0.016372172659604223
      ],
      "train_r2": [
        0.8187578271307299,
        0.7634136744720647,
        0.7899122631126962
      ],
      "test_mape": [
        17364928084.625675,
        6262940030.041509,
        6124147295.776434
      ],
      "train_mape": [
        2819236789.044124,
        4993895309.729992,
        5725412157.119985
      ]
    },
    "mean_scores": {
      "test_mae": 5.118358932007266,
      "train_mae": 2.394059787787146,
      "test_rmse": 6.919409139456943,
      "train_rmse": 3.2745883835755314,
      "test_r2": 0.001256757099935853,
      "train_r2": 0.7906945882384969,
      "test_mape": 9917338470.147873,
      "train_mape": 4512848085.298034
    },
    "std_scores": {
      "test_mae": 0.017828109514695566,
      "train_mae": 0.05375952217423282,