condition,n_patients,prevalence_pct,12w_with_condition_mean,12w_with_condition_std,12w_without_condition_mean,12w_without_condition_std,12w_difference,12w_p_value,12w_significant,12w_effect_size,24w_with_condition_mean,24w_with_condition_std,24w_without_condition_mean,24w_without_condition_std,24w_difference,24w_p_value,24w_significant,24w_effect_size
Renal Insufficiency,10,5.9880239520958085,3.5,6.132789830991366,7.732484076433121,7.281326807104608,-4.232484076433121,0.017211120811621034,True,-0.5859415342039764,2.9,2.7264140062238043,6.961783439490445,7.439400780872203,-4.061783439490446,0.045561219775723534,True,-0.559348362093127
Cancer,108,64.67065868263472,8.50925925925926,7.682356738244573,5.593220338983051,6.071750994587051,2.9160389202762085,0.006743974837742439,True,0.4074027874467456,7.888888888888889,7.9863590868539385,4.576271186440678,5.2725816153671055,3.312617702448211,0.0011819305136682658,True,0.463252077479766
Acute Coronary Syndrome,39,23.353293413173652,5.384615384615385,5.112499566930285,8.1171875,7.71604432718314,-2.732572115384615,0.07083316856836944,False,-0.37950453981736837,4.923076923076923,5.503035599532006,7.265625,7.705693135138032,-2.3425480769230766,0.04375492064564077,True,-0.32275811625345135
Lower Limb Amputation,10,5.9880239520958085,8.5,8.669871202426636,7.414012738853503,7.201357231397124,1.0859872611464967,0.8843148228362296,False,0.1489880292967467,4.9,6.332456079595025,6.834394904458598,7.364021279651041,-1.934394904458598,0.35136731530344956,False,-0.2645685327166775
