{
  "mlp_small": {
    "cv_scores": {
      "test_mae": [
        4.86340157584164,
        4.788012525529055,
        4.986353008724258
      ],
      "train_mae": [
        4.189432992943659,
        3.785020596896903,
        4.245481020964702
      ],
      "test_rmse": [
        7.1487030615613145,
        6.807523251950691,
        6.988354936967133
      ],
      "train_rmse": [
        5.730016025501273,
        5.41441376159268,
        6.186791838902067
      ],
      "test_r2": [
        -0.13297800193713405,
        0.2116044550068168,
        0.0940785055053257
      ],
      "train_r2": [
        0.4198464578935801,
        0.408650651433472,
        0.2721592463161262
      ],
      "test_mape": [
        16931336128.087017,
        6052231652.181982,
        9718301183.117197
      ],
      "train_mape": [
        7038568038.108749,
        6898818018.159699,
        8510230426.222147
      ]
    },
    "mean_scores": {
      "test_mae": 4.879255703364984,
      "train_mae": 4.073311536935088,
      "test_rmse": 6.981527083493046,
      "train_rmse": 5.7770738753320074,
      "test_r2": 0.05756831952500282,
      "train_r2": 0.3668854518810594,
      "test_mape": 10900622987.795397,
      "train_mape": 7482538827.496864
    },
    "std_scores": {
      "test_mae": 0.08174452820901427,
      "train_mae": 0.2051326317976367,
      "test_rmse": 0.13936972485391272,
      "train_rmse": 0.3170728670196125,
      "test_r2": 0.14302450295577737,
      "train_r2": 0.06713730724478277,
      "test_mape": 4519376224.419868,
      "train_mape": 728923879.6961057
    },
    "models": [
      "MLPRegressor(alpha=0.01, early_stopping=True, hidden_layer_sizes=(32, 16),\n             learning_rate='adaptive', learning_rate_init=0.1, max_iter=500,\n             random_state=42, validation_fraction=0.2)",
      "MLPRegressor(alpha=0.01, early_stopping=True, hidden_layer_sizes=(32, 16),\n             learning_rate='adaptive', learning_rate_init=0.1, max_iter=500,\n             random_state=42, validation_fraction=0.2)",
      "MLPRegressor(alpha=0.01, early_stopping=True, hidden_layer_sizes=(32, 16),\n             learning_rate='adaptive', learning_rate_init=0.1, max_iter=500,\n             random_state=42, validation_fraction=0.2)"
    ]
  },
  "mlp_medium": {
    "cv_scores": {
      "test_mae": [
        4.973965243510372,
        4.656754370308726,
        4.569782324575112
      ],
      "train_mae": [
        4.187282553378725,
        4.220059555583359,
        4.305041521538798
      ],
      "test_rmse": [
        6.91432482393979,
        6.67490852803539,
        6.346555670201498
      ],
      "train_rmse": [
        5.7673958213803225,
        5.995384047078467,
        6.213007225628655
      ],
      "test_r2": [
        -0.05990396777492868,
        0.24202211994641465,
        0.25283444419849566
      ],
      "train_r2": [
        0.4122524981792206,
        0.27493781245095705,
        0.2659779967620547
      ],
      "test_mape": [
        13541654163.835447,
        7541841057.035424,
        8143458553.15738
      ],
      "train_mape": [
        7176591884.498328,
        8704629481.752966,
        8760661936.166136
      ]
    },
    "mean_scores": {
      "test_mae": 4.733500646131403,
      "train_mae": 4.23746121016696,
      "test_rmse": 6.645263007392226,
      "train_rmse": 5.991929031362481,
      "test_r2": 0.14498419878999388,
      "train_r2": 0.3177227691307441,
      "test_mape": 9742317924.676085,
      "train_mape": 8213961100.805809
    },
    "std_scores": {
      "test_mae": 0.1737017580591218,
      "train_mae": 0.04962463657107241,
      "test_rmse": 0.23273675494691012,
      "train_rmse": 0.18193649761980304,
      "test_r2": 0.1449450405905278,
      "train_r2": 0.06694262134982247,
      "test_mape": 2697740140.259649,
      "train_mape": 733887401.5331825
    },
    "models": [
      "MLPRegressor(alpha=0.1, early_stopping=True, hidden_layer_sizes=(64, 32, 16),\n             learning_rate='adaptive', max_iter=500, random_state=42,\n             validation_fraction=0.2)",
      "MLPRegressor(alpha=0.1, early_stopping=True, hidden_layer_sizes=(64, 32, 16),\n             learning_rate='adaptive', max_iter=500, random_state=42,\n             validation_fraction=0.2)",
      "MLPRegressor(alpha=0.1, early_stopping=True, hidden_layer_sizes=(64, 32, 16),\n             learning_rate='adaptive', max_iter=500, random_state=42,\n             validation_fraction=0.2)"
    ]
  },
  "mlp_large": {
    "cv_scores": {
      "test_mae": [
        4.7287541110710185,
        4.67169016273597,
        4.514038488072086
      ],
      "train_mae": [
        3.8236449420093925,
        4.303388695893137,
        3.6455750338867645
      ],
      "test_rmse": [
        6.7532886679365935,
        6.59772107105083,
        6.338682587248826
      ],
      "train_rmse": [
        5.412468073916056,
        5.990764130331479,
        5.431674563759945
      ],
      "test_r2": [
        -0.011108100010320143,
        0.2594510048648495,
        0.254687054654809
      ],
      "train_r2": [
        0.48236698250811794,
        0.2760548172339823,
        0.43898710430667476
      ],
      "test_mape": [
        13197603137.25318,
        7572142327.074507,
        6542453391.772483
      ],
      "train_mape": [
        6224589231.003296,
        8591449841.992859,
        5257416784.994872
      ]
    },
    "mean_scores": {
      "test_mae": 4.638160920626358,
      "train_mae": 3.9242028905964315,
      "test_rmse": 6.563230775412083,
      "train_rmse": 5.611635589335826,
      "test_r2": 0.16767665316977945,
      "train_r2": 0.39913630134959166,
      "test_mape": 9104066285.366724,
      "train_mape": 6691151952.663676
    },
    "std_scores": {
      "test_mae": 0.09080696466420278,
      "train_mae": 0.2778052426294167,
      "test_rmse": 0.17101020613938814,
      "train_rmse": 0.268199006039856,
      "test_r2": 0.12643487067169612,
      "train_r2": 0.0888153224665983,
      "test_mape": 2924932796.2861204,
      "train_mape": 1400524826.9181547
    },
    "models": [
      "MLPRegressor(alpha=0.001, early_stopping=True,\n             hidden_layer_sizes=(256, 128, 64, 32), learning_rate='adaptive',\n             max_iter=500, random_state=42, validation_fraction=0.2)",
      "MLPRegressor(alpha=0.001, early_stopping=True,\n             hidden_layer_sizes=(256, 128, 64, 32), learning_rate='adaptive',\n             max_iter=500, random_state=42, validation_fraction=0.2)",
      "MLPRegressor(alpha=0.001, early_stopping=True,\n             hidden_layer_sizes=(256, 128, 64, 32), learning_rate='adaptive',\n             max_iter=500, random_state=42, validation_fraction=0.2)"
    ]
  },
  "tf_mlp_simple": {
    "cv_scores": {
      "test_mae": [
        4.514538464801652,
        4.8088846036366055,
        4.652285957336426
      ],
      "train_mae": [
        4.777661966847944,
        4.402304937173654,
        4.436939125614507
      ],
      "test_rmse": [
        6.838820463416438,
        7.2698883059492045,
        7.084676601537516
      ],
      "train_rmse": [
        7.318521114817714,
        6.705906099445349,
        6.851912366933642
      ],
      "test_r2": [
        -0.03688216209411621,
        0.10087233781814575,
        0.06893336772918701
      ],
      "train_r2": [
        0.053593218326568604,
        0.09289783239364624,
        0.10725188255310059
      ],
      "test_mape": [
        9395009381.486902,
        7150842032.706961,
        5957560407.438133
      ],
      "train_mape": [
        6306158582.010995,
        7970523128.626052,
        6959917478.428295
      ]
    },
    "mean_scores": {
      "test_mae": 4.658569675258228,
      "train_mae": 4.538968676545369,
      "test_rmse": 7.064461790301053,
      "train_rmse": 6.958779860398902,
      "test_r2": 0.04430784781773885,
      "train_r2": 0.0845809777577718,
      "test_mape": 7501137273.877332,