{
  "arima": {
    "cv_scores": {
      "test_mae": [
        6.880026455555206,
        4.642652043430896,
        3.9037828520382236
      ],
      "test_rmse": [
        7.848961120877502,
        6.708597387620343,
        5.401851549538766
      ],
      "test_r2": [
        -0.5834863383503874,
        -0.08098582354102923,
        -0.026441371775981493
      ]
    },
    "mean_scores": {
      "test_mae": 5.142153783674775,
      "test_rmse": 6.653136686012203,
      "test_r2": -0.23030451122246606
    },
    "std_scores": {
      "test_mae": 1.265341321080057,
      "test_rmse": 0.9997977230758772,
      "test_r2": 0.25072804199590454
    }
  },
  "arima_211": {
    "cv_scores": {
      "test_mae": [
        6.982412597632963,
        4.660116323044923,
        3.9012968340414
      ],
      "test_rmse": [
        7.962740985004031,
        6.722521036928494,
        5.407083882170861
      ],
      "test_r2": [
        -0.6297280604641597,
        -0.08547763786416529,
        -0.02843079473814436
      ]
    },
    "mean_scores": {
      "test_mae": 5.181275251573095,
      "test_rmse": 6.697448634701129,
      "test_r2": -0.24787883102215647
    },
    "std_scores": {
      "test_mae": 1.3107309814887211,
      "test_rmse": 1.0434932601061675,
      "test_r2": 0.2710107145443392
    }
  },
  "arima_121": {
    "cv_scores": {
      "test_mae": [
        5.480672066342637,
        14.521524779296112,
        4.000067778666608
      ],
      "test_rmse": [
        6.488634790096278,
        15.0298809814024,
        5.826525547942525
      ],
      "test_r2": [
        -0.08217283179473256,
        -4.425848009769374,
        -0.19417553222880435
      ]
    },
    "mean_scores": {
      "test_mae": 8.000754874768452,
      "test_rmse": 9.115013773147068,
      "test_r2": -1.5673987912643037
    },
    "std_scores": {
      "test_mae": 4.650331699640103,
      "test_rmse": 4.1911683121063845,
      "test_r2": 2.0217459620017078
    }
  },
  "exponential_smoothing": {
    "cv_scores": {
      "test_mae": [
        7.466092337770711,
        4.32750137404195,
        4.123253834444624
      ],
      "test_rmse": [
        8.427602260303258,
        6.581776032176378,
        5.33357078531241
      ],
      "test_r2": [
        -0.825568052615858,
        -0.04050157195905624,
        -0.0006564174725418592
      ]
    },
    "mean_scores": {
      "test_mae": 5.305615848752429,
      "test_rmse": 6.780983025930682,
      "test_r2": -0.2889086806824854
    },
    "std_scores": {
      "test_mae": 1.5299614938636994,
      "test_rmse": 1.2709629582404522,
      "test_r2": 0.37982396817205993
    }
  },
  "moving_average": {
    "cv_scores": {
      "test_mae": [
        6.9105691056910565,
        6.6585365853658525,
        3.8455284552845526
      ],
      "test_rmse": [
        7.8784808627429594,
        7.948854121369848,
        5.518385137496771
      ],
      "test_r2": [
        -0.5954196398233094,
        -0.5176289226099187,
        -0.0712056955256084
      ]
    },
    "mean_scores": {
      "test_mae": 5.804878048780487,
      "test_rmse": 7.115240040536526,
      "test_r2": -0.39475141931961216
    },
    "std_scores": {
      "test_mae": 1.389284760821165,
      "test_rmse": 1.129512368208518,
      "test_r2": 0.23097507146902635
    }
  },
  "lstm_simple": {
    "cv_scores": {
      "test_mae": [
        5.550552264126864,
        4.97251871780113,
        4.72805091186806
      ],
      "test_rmse": [
        8.065591854656203,
        7.669739661211894,
        5.8470222571612815
      ],
      "test_r2": [
        -0.03455913066864014,
        0.030802369117736816,
        0.005762219429016113
      ]
    },
    "mean_scores": {
      "test_mae": 5.083707297932018,
      "test_rmse": 7.194117924343126,
      "test_r2": 0.000668485959370931
    },
    "std_scores": {
      "test_mae": 0.3448664416654971,
      "test_rmse": 0.9661520902248403,
      "test_r2": 0.026925712668698625
    }
  },
  "lstm_bidirectional": {
    "cv_scores": {
      "test_mae": [
        5.616363430023194,
        5.1605409339622215,
        4.781081243797585
      ],
      "test_rmse": [
        8.09571985728078,
        7.7373205223972406,
        5.840134328653661
      ],
      "test_r2": [
        -0.042302608489990234,
        0.013647198677062988,
        0.008103251457214355
      ]
    },
    "mean_scores": {
      "test_mae": 5.185995202594333,
      "test_rmse": 7.2243915694438945,
      "test_r2": -0.006850719451904297
    },
    "std_scores": {
      "test_mae": 0.3414772051935091,
      "test_rmse": 0.989693084520443,
      "test_r2": 0.025170235927522083
    }
  },
  "lstm_stacked": {
    "cv_scores": {
      "test_mae": [
        5.631415315107866,
        4.915749399750321,
        4.788704624882451
      ],
      "test_rmse": [
        8.034317548044084,
        7.784449800546785,
        5.86426758094297
      ],
      "test_r2": [
        -0.02655172348022461,
        0.00159454345703125,
        -0.00011134147644042969
      ]
    },
    "mean_scores": {
      "test_mae": 5.111956446580213,
      "test_rmse": 7.227678309844613,
      "test_r2": -0.008356173833211264
    },
    "std_scores": {
      "test_mae": 0.3709566288883641,
      "test_rmse": 0.9694586408826065,
      "test_r2": 0.012885030877449926
    }
  },
  "gru": {
    "cv_scores": {
      "test_mae": [
        5.631860785050826,
        5.157140802454065,
        4.73647521160267
      ],
      "test_rmse": [
        8.100057992185707,
        7.754537430203935,
        5.74000215403205
      ],
      "test_r2": [
        -0.04342007637023926,
        0.009252786636352539,
        0.04182487726211548
      ]
    },
    "mean_scores": {
      "test_mae": 5.175158933035854,
      "test_rmse": 7.198199192140564,
      "test_r2": 0.0025525291760762534
    },
    "std_scores": {
      "test_mae": 0.365761599093378,
      "test_rmse": 1.0407049105131843,
      "test_r2": 0.03512212614550424
    }
  },
  "transformer": {
    "cv_scores": {
      "test_mae": [
        5.601332421736283,
        5.176181916837339,
        4.141983071962993
      ],
      "test_rmse": [
        8.060783709966438,
        7.758914174371083,
        4.946020591786103
      ],
      "test_r2": [
        -0.033326029777526855,
        0.008134007453918457,
        0.2885691523551941
      ]
    },
    "mean_scores": {
      "test_mae": 4.973165803512205,
      "test_rmse": 6.921906158707874,
      "test_r2": 0.08779237667719524
    },
    "std_scores": {
      "test_mae": 0.6128277560474147,
      "test_rmse": 1.4025866899666648,
      "test_r2": 0.14297603274802928
    }
  },
  "rf_trajectory": {
    "cv_scores": {
      "test_mae": [
        4.9167539372421,
        5.062069148823089,
        4.417952942095234
      ],
      "train_mae": [
        2.3450404602496064,
        2.1474840726507396,
        2.3702157107094513
      ],
      "test_rmse": [
        6.65674500371676,
        7.108264811674217,
        6.1131968376885215
      ],
      "train_rmse": [
        3.3857419788544356,
        3.2399733039818734,
        3.612634744979824
      ],
      "test_r2": [
        0.01759445830686579,
        0.14040656088485093,
        0.3067698951495461
      ],
      "train_r2": [
        0.7974468546657156,
        0.7882496656943623,
        0.751827605947206
      ],
      "test_mape": [
        12541997631.421125,
        7543284119.577736,
        7633741447.131495
      ],
      "train_mape": [
        3676496387.062744,
        3390322336.3979874,
        3573140055.682202
      ]
    },
    "mean_scores": {
      "test_mae": 4.798925342720142,
      "train_mae": 2.2875800812032656,
      "test_rmse": 6.6260688843598325,
      "train_rmse": 3.4127833426053775,
      "test_r2": 0.1549236381137543,
      "train_r2": 0.7791747087690947,
      "test_mape": 9239674399.376787,
      "train_mape": 3546652926.3809776
    },
    "std_scores": {
      "test_mae": 0.27584307762160143,