{
  "arima": {
    "cv_scores": {
      "test_mae": [
        7.020221348368818,
        5.390892581462931,
        4.711978529444309
      ],
      "test_rmse": [
        8.049496379433496,
        6.774847445331338,
        5.344219150364998
      ],
      "test_r2": [
        -0.498780450365812,
        -0.010708635837048508,
        -0.1163155754255516
      ]
    },
    "mean_scores": {
      "test_mae": 5.707697486425353,
      "test_rmse": 6.722854325043277,
      "test_r2": -0.20860155387613735
    },
    "std_scores": {
      "test_mae": 0.9685970055137575,
      "test_rmse": 1.105036555940451,
      "test_r2": 0.20966807164068707
    }
  },
  "arima_211": {
    "cv_scores": {
      "test_mae": [
        6.943515098058917,
        5.236782690476494,
        4.747522242943329
      ],
      "test_rmse": [
        7.964850180178898,
        6.716505384988658,
        5.36328984762373
      ],
      "test_r2": [
        -0.4674246936663595,
        0.006623983467686889,
        -0.12429687268781553
      ]
    },
    "mean_scores": {
      "test_mae": 5.64260667715958,
      "test_rmse": 6.681548470930429,
      "test_r2": -0.1950325276288294
    },
    "std_scores": {
      "test_mae": 0.9413168032266267,
      "test_rmse": 1.0623701584543541,
      "test_r2": 0.19988861353778256
    }
  },
  "arima_121": {
    "cv_scores": {
      "test_mae": [
        7.414466829137206,
        11.123704604287717,
        8.478321803269424
      ],
      "test_rmse": [
        8.563372497802222,
        11.968991243850352,
        9.381944594652776
      ],
      "test_r2": [
        -0.69625160844906,
        -2.1545835507297917,
        -2.4403624125270404
      ]
    },
    "mean_scores": {
      "test_mae": 9.005497745564782,
      "test_rmse": 9.971436112101783,
      "test_r2": -1.7637325239019639
    },
    "std_scores": {
      "test_mae": 1.5594971569391904,
      "test_rmse": 1.4514785445002532,
      "test_r2": 0.7637861908957945
    }
  },
  "exponential_smoothing": {
    "cv_scores": {
      "test_mae": [
        6.393006531015329,
        6.5282636595806025,
        4.701593037153382
      ],
      "test_rmse": [
        7.323157408215045,
        7.515701704585576,
        5.335744232036829
      ],
      "test_r2": [
        -0.24050163019122794,
        -0.24384425739204563,
        -0.1127778530233845
      ]
    },
    "mean_scores": {
      "test_mae": 5.874287742583104,
      "test_rmse": 6.724867781612484,
      "test_r2": -0.19904124686888602
    },
    "std_scores": {
      "test_mae": 0.8310568680157049,
      "test_rmse": 0.9853989051835655,
      "test_r2": 0.061012693364900145
    }
  },
  "moving_average": {
    "cv_scores": {
      "test_mae": [
        7.902439024390244,
        5.682926829268293,
        5.54471544715447
      ],
      "test_rmse": [
        9.1010586358227,
        6.930354269307088,
        6.261682847823009
      ],
      "test_r2": [
        -0.9159511228533685,
        -0.0576398531676372,
        -0.5325004133597879
      ]
    },
    "mean_scores": {
      "test_mae": 6.376693766937669,
      "test_rmse": 7.431031917650931,
      "test_r2": -0.5020304631269312
    },
    "std_scores": {
      "test_mae": 1.0803393107463108,
      "test_rmse": 1.2120292342549768,
      "test_r2": 0.35106587446211823
    }
  },
  "lstm_simple": {
    "cv_scores": {
      "test_mae": [
        5.306442351774736,
        4.030579458784174,
        5.16287902990977
      ],
      "test_rmse": [
        6.861287359881453,
        5.365605040801358,
        7.13570779174715
      ],
      "test_r2": [
        0.036802589893341064,
        0.24796825647354126,
        0.2732645869255066
      ]
    },
    "mean_scores": {
      "test_mae": 4.833300280156227,
      "test_rmse": 6.454200064143319,
      "test_r2": 0.18601181109746298
    },
    "std_scores": {
      "test_mae": 0.5706272248700801,
      "test_rmse": 0.7778628786575023,
      "test_r2": 0.10601106814177216
    }
  },
  "lstm_bidirectional": {
    "cv_scores": {
      "test_mae": [
        5.6584968214685265,
        3.7563670387974493,
        4.998165863531607
      ],
      "test_rmse": [
        7.038415732734729,
        5.1903396118598515,
        6.9672924160714045
      ],
      "test_r2": [
        -0.013570189476013184,
        0.2962954044342041,
        0.3071643114089966
      ]
    },
    "mean_scores": {
      "test_mae": 4.804343241265861,
      "test_rmse": 6.398682586888662,
      "test_r2": 0.19662984212239584
    },
    "std_scores": {
      "test_mae": 0.7885428900647733,
      "test_rmse": 0.8549207333702171,
      "test_r2": 0.14870008573789453
    }
  },
  "lstm_stacked": {
    "cv_scores": {
      "test_mae": [
        6.107463110576976,
        4.65257066488266,
        4.099278350671132
      ],
      "test_rmse": [
        7.5074114548033135,
        6.3409512574510645,
        5.783200717690773
      ],
      "test_r2": [
        -0.15314650535583496,
        -0.050286054611206055,
        0.5226479768753052
      ]
    },
    "mean_scores": {
      "test_mae": 4.953104042043589,
      "test_rmse": 6.543854476648384,
      "test_r2": 0.10640513896942139
    },
    "std_scores": {
      "test_mae": 0.8469324020921379,
      "test_rmse": 0.7183791727511867,
      "test_r2": 0.29730864228138965
    }
  },
  "gru": {
    "cv_scores": {
      "test_mae": [
        5.5348857695406135,
        3.9454650746451483,
        4.117807246192738
      ],
      "test_rmse": [
        7.06699201262753,
        5.351372521944305,
        6.104603307666958
      ],
      "test_r2": [
        -0.02181720733642578,
        0.25195252895355225,
        0.4681158661842346
      ]
    },
    "mean_scores": {
      "test_mae": 4.5327193634595,
      "test_rmse": 6.174322614079597,
      "test_r2": 0.23275039593378702
    },
    "std_scores": {
      "test_mae": 0.7121229225031244,
      "test_rmse": 0.702131585705527,
      "test_r2": 0.20047467931010102
    }
  },
  "transformer": {
    "cv_scores": {
      "test_mae": [
        5.19198593009602,
        3.9533992564236677,
        4.636917136333607
      ],
      "test_rmse": [
        6.798315198570644,
        5.415937731157381,
        6.841215694370287
      ],
      "test_r2": [
        0.054401695728302,
        0.23379307985305786,
        0.332011878490448
      ]
    },
    "mean_scores": {
      "test_mae": 4.594100774284431,
      "test_rmse": 6.351822874699438,
      "test_r2": 0.2067355513572693
    },
    "std_scores": {
      "test_mae": 0.5065564579880047,
      "test_rmse": 0.662002449422465,
      "test_r2": 0.11493747801749533
    }
  },
  "rf_trajectory": {
    "cv_scores": {
      "test_mae": [
        5.170210723852171,
        5.278686676953478,
        5.161152407144899
      ],
      "train_mae": [
        2.3058595691622013,
        2.371711906540854,
        2.4429829445485507
      ],
      "test_rmse": [
        6.69284038831353,
        7.805073942241498,
        6.629188339399853
      ],
      "train_rmse": [
        3.3278606995781566,
        3.036951155076641,
        3.447121372502882
      ],
      "test_r2": [
        -0.25692856733491753,
        0.2116625424669205,
        -0.0415000592971313
      ],
      "train_r2": [
        0.8183668064252725,
        0.76311115504841,
        0.792011915936133
      ],
      "test_mape": [
        17173960426.481422,
        5918290347.030232,
        6323979799.7939625
      ],
      "train_mape": [
        2934051840.1351166,
        4993518295.251263,
        5499165688.288487
      ]
    },
    "mean_scores": {
      "test_mae": 5.203349935983516,
      "train_mae": 2.3735181400838687,
      "test_rmse": 7.042367556651627,
      "train_rmse": 3.27064440905256,
      "test_r2": -0.028922028055042775,
      "train_r2": 0.7911632924699384,
      "test_mape": 9805410191.101873,
      "train_mape": 4475578607.891622
    },
    "std_scores": {
      "test_mae": 0.053399323843245215,
      "train_mae": 0.05599495143341263,