{
  "mlp_small": {
    "cv_scores": {
      "test_mae": [
        4.8703667068669505,
        5.163366678830277,
        4.2910224006721185
      ],
      "train_mae": [
        4.393220105444235,
        3.9969692777990673,
        4.479208823069188
      ],
      "test_rmse": [
        6.34687707689906,
        7.592546438910103,
        6.211461511772144
      ],
      "train_rmse": [
        6.130573876168386,
        5.31592947305927,
        6.291558747968384
      ],
      "test_r2": [
        -0.13034192288278934,
        0.2540099538034284,
        0.08562113217262801
      ],
      "train_r2": [
        0.3835935114472514,
        0.27418252972921453,
        0.3071458596672588
      ],
      "test_mape": [
        11408272183.780458,
        6097094476.291059,
        5302670806.259813
      ],
      "train_mape": [
        5844964156.069712,
        8467490151.528684,
        7207137830.766
      ]
    },
    "mean_scores": {
      "test_mae": 4.774918595456449,
      "train_mae": 4.289799402104164,
      "test_rmse": 6.716961675860436,
      "train_rmse": 5.912687365732013,
      "test_r2": 0.06976305436442236,
      "train_r2": 0.3216406336145749,
      "test_mape": 7602679155.443776,
      "train_mape": 7173197379.454799
    },
    "std_scores": {
      "test_mae": 0.3624719680082801,
      "train_mae": 0.21001686625141874,
      "test_rmse": 0.6215951800452433,
      "train_rmse": 0.42705894916082787,
      "test_r2": 0.157311157162872,
      "train_r2": 0.04582768147429379,
      "test_mape": 2710434278.225545,
      "train_mape": 1070910707.4171106
    },
    "models": [
      "MLPRegressor(alpha=0.001, early_stopping=True, hidden_layer_sizes=(32, 16),\n             learning_rate='adaptive', max_iter=500, random_state=42,\n             validation_fraction=0.2)",
      "MLPRegressor(alpha=0.001, early_stopping=True, hidden_layer_sizes=(32, 16),\n             learning_rate='adaptive', max_iter=500, random_state=42,\n             validation_fraction=0.2)",
      "MLPRegressor(alpha=0.001, early_stopping=True, hidden_layer_sizes=(32, 16),\n             learning_rate='adaptive', max_iter=500, random_state=42,\n             validation_fraction=0.2)"
    ]
  },
  "mlp_medium": {
    "cv_scores": {
      "test_mae": [
        4.965476250783056,
        5.22104111874647,
        4.4952856244550645
      ],
      "train_mae": [
        5.293259607490988,
        3.973371529761738,
        4.706304858219255
      ],
      "test_rmse": [
        6.470461970346013,
        7.513525862595089,
        5.839436314768253
      ],
      "train_rmse": [
        7.2811061211491825,
        5.26468579218581,
        6.406156318022143
      ],
      "test_r2": [
        -0.1747899942018647,
        0.2694571573996095,
        0.1918714757555735
      ],
      "train_r2": [
        0.13051986743752997,
        0.28810833240481737,
        0.2816760153510066
      ],
      "test_mape": [
        11018657829.719244,
        7731817966.84099,
        6935251985.816115
      ],
      "train_mape": [
        7182518463.217042,
        8555094791.439329,
        11063971464.872078
      ]
    },
    "mean_scores": {
      "test_mae": 4.893934331328197,
      "train_mae": 4.657645331823994,
      "test_rmse": 6.607808049236451,
      "train_rmse": 6.317316077119045,
      "test_r2": 0.09551287965110611,
      "train_r2": 0.23343473839778464,
      "test_mape": 8561909260.792117,
      "train_mape": 8933861573.17615
    },
    "std_scores": {
      "test_mae": 0.3005760514445607,
      "train_mae": 0.5399394697955887,
      "test_rmse": 0.6903100330410479,
      "train_rmse": 0.8255935953671875,
      "test_r2": 0.1937397175059427,
      "train_r2": 0.07281916723063414,
      "test_mape": 1767359516.100341,
      "train_mape": 1607071364.7760375
    },
    "models": [
      "MLPRegressor(alpha=0.1, early_stopping=True, hidden_layer_sizes=(256, 128, 64),\n             learning_rate='adaptive', max_iter=500, random_state=42,\n             validation_fraction=0.2)",
      "MLPRegressor(alpha=0.1, early_stopping=True, hidden_layer_sizes=(256, 128, 64),\n             learning_rate='adaptive', max_iter=500, random_state=42,\n             validation_fraction=0.2)",
      "MLPRegressor(alpha=0.1, early_stopping=True, hidden_layer_sizes=(256, 128, 64),\n             learning_rate='adaptive', max_iter=500, random_state=42,\n             validation_fraction=0.2)"
    ]
  },
  "mlp_large": {
    "cv_scores": {
      "test_mae": [
        5.209795302254513,
        5.057229425585887,
        4.86692493365066
      ],
      "train_mae": [
        3.6612749502845205,
        4.207625676699499,
        5.239069838515079
      ],
      "test_rmse": [
        6.720992005695999,
        7.179122618397771,
        6.06716703311622
      ],
      "train_rmse": [
        5.080074348103847,
        5.444335226379178,
        7.014815357683013
      ],
      "test_r2": [
        -0.2675246634163764,
        0.3330383528510411,
        0.12761038609847863
      ],
      "train_r2": [
        0.576742095158352,
        0.23869494565302685,
        0.13869336585764547
      ],
      "test_mape": [
        18645990599.206085,
        7986030236.904757,
        8615617596.179256
      ],
      "train_mape": [
        4553368947.826683,
        9186910153.488714,
        12447395147.669516
      ]
    },
    "mean_scores": {
      "test_mae": 5.044649887163687,
      "train_mae": 4.3693234884997,
      "test_rmse": 6.65576055240333,
      "train_rmse": 5.846408310722012,
      "test_r2": 0.06437469184438112,
      "train_r2": 0.3180434688896748,
      "test_mape": 11749212810.763367,
      "train_mape": 8729224749.661638
    },
    "std_scores": {
      "test_mae": 0.140258585017869,
      "train_mae": 0.6542011994727363,
      "test_rmse": 0.4562913271026995,
      "train_rmse": 0.8394652136535388,
      "test_r2": 0.24922285729563792,
      "train_r2": 0.1874278766448018,
      "test_mape": 4883526933.007004,
      "train_mape": 3238931856.606283
    },
    "models": [
      "MLPRegressor(alpha=0.001, early_stopping=True,\n             hidden_layer_sizes=(256, 128, 64, 32), learning_rate='adaptive',\n             learning_rate_init=0.01, max_iter=500, random_state=42,\n             validation_fraction=0.2)",
      "MLPRegressor(alpha=0.001, early_stopping=True,\n             hidden_layer_sizes=(256, 128, 64, 32), learning_rate='adaptive',\n             learning_rate_init=0.01, max_iter=500, random_state=42,\n             validation_fraction=0.2)",
      "MLPRegressor(alpha=0.001, early_stopping=True,\n             hidden_layer_sizes=(256, 128, 64, 32), learning_rate='adaptive',\n             learning_rate_init=0.01, max_iter=500, random_state=42,\n             validation_fraction=0.2)"
    ]
  }
}