Phase,Models Count,Best Model,Best R²,Mean R²,Std R²,Best MAE,Mean MAE,Best RMSE,Mean RMSE
Phase5,12,Transformer,0.24668667713801065,-0.18010346005541003,0.5395867334132447,4.5292608217759565,5.663196744433964,6.177239016854934,7.046347927332868
Phase1,9,Lasso Regression,0.17903319250484567,-1.2372104493960683,3.8169930632773577,4.70915109261414,6.029159860187746,6.239245530049287,8.489688254990382
Phase2,10,Svr Rbf,0.15155402539286966,0.10286511432224132,0.04371277605429446,4.66791352911459,4.898800176003377,6.365893472676352,6.515808614016561
Phase4,7,Tf Attention,0.14746522903442383,-0.0215170266791918,0.17315231294248132,4.7755812423569814,5.132004101533746,6.495277003027764,7.032141627473758
Phase3,5,Catboost,0.09944685253518504,0.026501148336476217,0.11248027788860444,4.90996932082646,5.148493488186629,6.515969016690382,6.754719648696613
